"location","source","expert","n_ms","mean_ms","sd_ms","n_tv","mean_tv","sd_tv","d_diff","t","df","p.value","case_when.....","yi","vi"
"byui","byui",1,38,2.60526315789474,2.02069661100847,34,1.83333333333333,2.16841421366403,0.368312219079745,1.55715936123095,67.7330940290747,0.124093178984365,"Brigham Young University – Idaho",0.365084968040465,0.0566531585815742
"cnj","cnj",1,58,1.67816091954023,1.73594665484439,39,1.27350427350427,2.20561722391524,0.203885608815901,0.962665788962054,68.3443268130772,0.339109043662852,"The College of New Jersey",0.207198371655935,0.0431036996174368
"ithaca","ithaca",0,33,-0.161616161616162,2.697891682151,32,0.322916666666667,1.8846377155826,-0.208216132520838,-0.841477003069073,57.3252321143255,0.403577428690081,"Ithaca College",-0.205166299856734,0.0618768242306988
"occid","occid",1,21,0.793650793650794,2.76380613260488,17,0.568627450980392,1.73511409279986,0.0975176338434604,0.305980271050447,34.1090111279674,0.761479500560102,"Occidental College",0.0932446872116958,0.106556979289933
"pace","pace_expert",1,29,1.52873563218391,2.19399838191276,30,1.68888888888889,2.00942860549011,-0.0761279260020797,-0.292115947201242,56.1639684449181,0.771274333778578,"Pace University",-0.0751789125918733,0.067863989148078
"riverside","riverside",1,4,2.33333333333333,1.24721912892465,6,0.444444444444445,0.88610675721675,1.74600206378774,2.6200397088612,5.01783580864159,0.0469325474646748,"University of California, Riverside",1.64525925076638,0.552010566778285
"upenn","upenn",0,10,0.766666666666667,2.43457603985317,19,0.684210526315789,1.52134477634921,0.0406191569435464,0.0975466525812227,12.808998251827,0.923802138334053,"University of Pennsylvania",0.0427229234386156,0.152663048743698
"vcu","vcu",1,27,1.49382716049383,2.0007912331678,12,1.22222222222222,1.13113274175106,0.167119717581256,0.537976963199128,34.5763164867042,0.594039231289465,"Virginia Commonwealth University",0.148882886455427,0.120654551317541
